,id,user_name,tweet_text,user_followers,user_location,user_verified,like_count,rt_count,timestamp
0,1201549098626768898,David Davis,A hideous harbinger of the future if we are not careful,145725,,True,376,250,2019-12-02 17:10:03
1,1201127991478276098,David Davis,I wrote about this today on Conservative Home,145725,,True,50,21,2019-12-01 13:16:43
2,1201127988122791936,David Davis,Whilst the ECHR has an important role in dealing with terrorism MPs must have the final say on determining the law Independent courts national or international are enormously important but we should recognise that they do make mistakes as with Usman Khan.,145725,,True,692,182,2019-12-01 13:16:42
3,1200522562545082368,David Davis,Legal wrangling continues in the case brought by Loughinisland journalists Barry McCaffrey and Trevor Birney Hopefully we'll have a decision soon.,145725,,True,17,4,2019-11-29 21:10:58
4,1200442464580096000,David Davis,Police seem to have reacted with impressive speed to the London Bridge incident As they did last time.,145725,,True,1272,144,2019-11-29 15:52:41
5,1200372337339699201,David Davis,I couldn‚Äôt agree more The whole Humber catchment area needs a new Vermuyden to find smart innovative solutions to flood management,145725,,True,33,5,2019-11-29 11:14:01
6,1200372335854981122,David Davis,The Drainage Association has written to party leaders today calling for a ‚Äústrategic catchment-based approach that considers wider benefits other than just ‚Äòcounting chimney pots.‚Äô‚Äù,145725,,True,27,5,2019-11-29 11:14:01
7,1200092505796173825,David Davis,@Marinosloizides also met some four-legged constituents,145725,,True,56,4,2019-11-28 16:42:04
8,1200089432227012612,David Davis,Had an excellent but rather wet day out in Brough I met a number of my constituents who I have helped over the years like @Marinosloizides,145725,,True,193,30,2019-11-28 16:29:51
9,1199639296929599493,David Davis,RT @andreajenkyns Another great day on the doorsteps talking to residents across #Morley &amp #Outwood üö™üó≥ Special thanks to the fantastic Ha‚Ä¶,145725,,True,0,38,2019-11-27 10:41:11
10,1199379489769361408,David Davis,I don‚Äôt normally take it upon myself to highlight the bogus ‚Äúfacts in @LibDems leaflets But in this case it is quite important that nobody believes the one at the end of this leaflet Just to be clear the General Election is on Thursday 12 December NOT Monday 2 December,145725,,True,1021,305,2019-11-26 17:28:48
11,1199357630122250241,David Davis,The Haltemprice and Howden team had a great day out supporting @andreajenkyns The response on the doorstep was fantastic,145725,,True,241,53,2019-11-26 16:01:56
12,1199015831075741696,David Davis,Many congratulations to @HitachiRailEU and Trains on the arrival of the new Paragon Fleet It is terrific to see this level of investment in our railways I'm looking forward to my next trip it will be great to have a train as nice as the staff,145725,,True,142,21,2019-11-25 17:23:45
13,1198639960426987529,David Davis,Took some of the team to Grimsby yesterday for a wet day‚Äôs campaigning Was originally sceptical of the poll that gave us a 12 point lead there Not any more Virtually everybody I spoke to was voting Conservative,145725,,True,873,182,2019-11-24 16:30:10
14,1198620472793075713,David Davis,Guidance by the College of Policing needs immediate revision Police should not be investigating ‚Äúnon-crimes‚Äù Positively Orwellian.,145725,,True,441,144,2019-11-24 15:12:44
15,1198620471480213504,David Davis,Well worth reading Zoe Strimpel's article about oppression of free speech and ridiculous behaviour by various police forces including my own Humberside.,145725,,True,562,241,2019-11-24 15:12:44
16,1198180241593831424,David Davis,Really good interview of @CatharineHoey in today's Telegraph Highlights her courage.,145725,,True,1107,349,2019-11-23 10:03:25
17,1197831890541142016,David Davis,The Chief Executive of @resfoundation confirming that under Labour manifesto commitments taxes would have to rise on the bottom 95 of earners,145725,,True,75,41,2019-11-22 10:59:12
18,1197825977319133185,David Davis,RT @DominicRaab I am relieved a number of orphaned children have arrived home safely from Syria We assess each case carefully and facili‚Ä¶,145725,,True,0,168,2019-11-22 10:35:42
19,1197813066689327104,David Davis,Good article in today‚Äôs Times on how Corbyn‚Äôs tax hikes do not bear scrutiny by @PJTheEconomist director of the independent thinktank @TheIFS.,145725,,True,171,77,2019-11-22 09:44:24
20,1197812319302168576,David Davis,.@jeremycorbyn claims that his taxes will fall solely on the rich In the last week a number of my working class constituents have spontaneously said that they believe his taxes will hit them After yesterday they have been proven right.,145725,,True,1588,498,2019-11-22 09:41:25
21,1197811767679868928,David Davis,Excellent news about the return of the orphans @DominicRaab is right that these children are innocent of any crime But so are all the other British children in Syrian camps we should bring these home too ASAP before there are any more deaths,145725,,True,77,24,2019-11-22 09:39:14
22,1197575908766470145,David Davis,The US extradition request for Dr Mike Lynch comes at an extraordinarily inappropriate time as a verdict has yet to be reached in the civil case he is fighting here in the UK The British authorities should not countenance extradition at this time,145725,,True,45,8,2019-11-21 18:02:01
23,1197446611716202496,David Davis,In Cottingham Market with my team just met someone who wants us to do something about the unjust and retrospective loan charge I hope we will deal with this shortly after the election,145725,,True,348,143,2019-11-21 09:28:14
24,1197437751039348736,David Davis,Labour are very unwise to pledge to scrap right to buy It‚Äôs the most popular policy with working families It would not release any new houses because the vast majority of council tenants stay in their house for a long period,145725,,True,397,151,2019-11-21 08:53:01
25,1197207040478924807,David Davis,Today I met with Community Speed Watch Bubwith who monitor traffic through the village which is plagued with dangerous speeding vehicles They work alongside the police who send warnings to any offenders This is a great community-led initiative that I am proud to have helped,145725,,True,125,19,2019-11-20 17:36:16
26,1196893094320508928,David Davis,.@JeremyCorbyn says corporation tax rates back to 2010 levels We raised over 10 billion less in 2010 than we do now.,145725,,True,679,286,2019-11-19 20:48:45
27,1196891716726460416,David Davis,Good one-liner from @BorisJohnson Boris on social care Nobody should have to sell their home to pay for their care.,145725,,True,1544,358,2019-11-19 20:43:17
28,1196891213988798465,David Davis,.@jeremycorbyn is ignoring the simple fact that Labour under Blair introduced more private sector involvement in the NHS than any other government.,145725,,True,1850,852,2019-11-19 20:41:17
29,1196890735607459842,David Davis,RT @DavidDavisMP .@jeremycorbyn's attempt to suggest we seek to privatise the NHS fails completely before the Prime Minister's flat denial‚Ä¶,145725,,True,0,124,2019-11-19 20:39:23
30,1196885668741472256,David Davis,RT @BorisJohnson Our NHS will never be for sale #BackBoris #LeadersDebate,145725,,True,0,1130,2019-11-19 20:19:15
31,1196885458996908034,David Davis,.@jeremycorbyn's attempt to suggest we seek to privatise the NHS fails completely before the Prime Minister's flat denial It's that simple.,145725,,True,387,124,2019-11-19 20:18:25
32,1196883805824602113,David Davis,.@jeremycorbyn Corbyn claims we got our deal through with the DUP's support this is wrong it passed second reading WITHOUT the DUP #LeadersDebate,145725,,True,247,68,2019-11-19 20:11:50
33,1196359641158029312,David Davis,Great news that Boris intends to cut employers NI and some other taxes The main effect will be on small companies who create more of the jobs and more of the growth in the economy than the big companies do,145725,,True,684,185,2019-11-18 09:29:00
34,1196084684431724552,David Davis,"Brilliant article by @LiamHalligan in the Telegraph His new book ""Home Truths looks well worth a read very similar to my own views and ideas on garden villages",145725,,True,37,7,2019-11-17 15:16:25
35,1196017317920092160,David Davis,Secondly I am not aware of other countries with an FTA like Japan or Korea paying for access!,145725,,True,572,146,2019-11-17 10:48:44
36,1196017315390902272,David Davis,.@jeremycorbyn said ‚ÄúIf you want access to a market there are costs involved in answer to a question about whether we should continue to pay an EU subscription Firstly their access to our market is bigger than ours to them so why should we pay?,145725,,True,3471,935,2019-11-17 10:48:43
37,1195813752857337863,David Davis,@RobOz73 Thanks Rob I appreciate you letting me know Would you mind shooting me a brief email to campaign@daviddavis.uk with this info in so I can investigate?,145725,,True,1,0,2019-11-16 21:19:50
38,1195790134115020800,David Davis,We now have to learn the lessons and make the emergency measures unnecessary Would you do me a favour @RobOz73 and brief your local councillors on the detailed causes I will be pursuing all of these issues with the local authorities when we have the data to review Thanks.,145725,,True,21,5,2019-11-16 19:45:59
39,1195790132621787136,David Davis,Thanks Rob the local services did a magnificent job in numerous places as I saw for myself at Everthorpe I am very very glad they saved your house,145725,,True,56,9,2019-11-16 19:45:58
40,1195786331013730304,David Davis,Quick update as far as I can tell about 18 houses flooded this week That is 18 too many as it is absolutely miserable for families But it looks likely that the combination of millions spent on flood defences and the efforts of local authorities saved thousands more houses,145725,,True,100,24,2019-11-16 19:30:52
41,1195784339725996032,David Davis,I also visited the Market Weighton canal By Murphy's law the canal's lock had a problem only a couple of weeks ago But local drainage specialists fixed it just in time protecting a vast area of East Yorkshire from high tides,145725,,True,35,9,2019-11-16 19:22:57
42,1195784324680949761,David Davis,Today I was up at the lagoon at Willerby Carr to inspect the flood defenses there The lagoon is full and has probably saved thousands of households across the region from flooding,145725,,True,223,35,2019-11-16 19:22:54
43,1195341988826144768,David Davis,Good to see @grantshapps committing to reverse Beeching rail closures I launched a report from tpa on opening up a whole series of local railway lines and services some months ago Here is the report,145725,,True,151,47,2019-11-15 14:05:13
44,1195303018847199234,David Davis,So far fewer flood victims than I had feared but still miserable for those hit by the problem Council think they have found every one but if you have water ingress to your home call 01482 393939 They can help from sandbags to housing to a range of items of advice,145725,,True,104,31,2019-11-15 11:30:22
45,1195274394442117121,David Davis,Now Corbyn wants to nationalise broadband Sure we need more investment in broadband but we also need more competent provision Openreach is useless because it has too monopolistic a position It needs more competition not less State control will make it worse.,145725,,True,3981,789,2019-11-15 09:36:37
46,1195079367380131841,David Davis,By the way the village community in Everthorpe are amazing in how they turned out to help the residents who were flooded Well done to all of them,145725,,True,145,21,2019-11-14 20:41:39
47,1195075949257220097,David Davis,There appear to be floods elsewhere but I won‚Äôt repeat until I am able to confirm My heart goes out to those facing these floods it‚Äôs always ever so grim in these situations.,145725,,True,46,10,2019-11-14 20:28:04
48,1195075947453730816,David Davis,The emergency services here in Haltemprice &amp Howden are working flat out but are facing a really tough situation There‚Äôs a perfect storm of saturated ground non-stop rain full dykes and high tide.,145725,,True,32,10,2019-11-14 20:28:03
49,1195075945700503553,David Davis,The biblical rains continue I‚Äôm currently at Everthorpe where some houses are beginning to flood Cllr Victoria Aitken is already here and the emergency services are doing a great job.,145725,,True,103,14,2019-11-14 20:28:03
50,1195005397746245632,David Davis,Checked out the water levels at one of the flood alert areas near me Welham Bridge over the River Foulness But this was before the hours of biblical rain we've had this afternoon..,145725,,True,76,10,2019-11-14 15:47:43
51,1194946511727136770,David Davis,.@LauraPidcockMP said on this morning‚Äôs @BBCr4today programme that immigrants were not to blame for wages being depressed Quite right It‚Äôs the policy‚Äôs fault very much not the same thing.,145725,,True,139,26,2019-11-14 11:53:44
52,1194938849484513280,David Davis,Diabetes U.K analysis shows obesity has almost doubled in the last 20 years This trend could cripple the NHS in a generation not to mention the misery it will cause through diabetes heart disease strokes and cancer See my article,145725,,True,89,26,2019-11-14 11:23:17
53,1194924095764418560,David Davis,I would like to see more investment in initiatives like the Advanced Manufacturing Centre,145725,,True,37,10,2019-11-14 10:24:39
54,1194923583849541633,David Davis,Excellent pledge by Boris to double r&amp;d expenditure We need to reverse the trend under all governments of the last 50 years Just look at how we‚Äôve been left behind,145725,,True,126,33,2019-11-14 10:22:37
55,1194911007187099648,David Davis,Good article from The Times on this here,145725,,True,17,4,2019-11-14 09:32:39
56,1194910994998472705,David Davis,Fantastic that Nottingham Trent are reviewing the number of 1st Class Honours they award This grade inflation and the notorious unconditional offers were both encouraged by the terrible tuition fee/loan system I will continue to campaign for its reform.,145725,,True,63,14,2019-11-14 09:32:36
57,1194901826971275265,David Davis,Donald Tusk is unwise to ignore the convention of staying out of internal politics of member states Foreign leaders should stay out of our democratic decisions whether they are Obama Trump or Tusk.,145725,,True,6383,1312,2019-11-14 08:56:10
58,1194692901755863041,David Davis,@Marinosloizides Not sure just yet certainly within the next couple of weeks If you‚Äôd like to shoot me an email to campaign@daviddavis.uk I‚Äôm happy to let you know!,145725,,True,1,0,2019-11-13 19:05:58
59,1194691795462053888,David Davis,Great work guys I‚Äôm very lucky to have such a fantastic campaigning team,145725,,True,169,18,2019-11-13 19:01:34
60,1194691347594305540,David Davis,And can‚Äôt forget the inevitable dog photo..,145725,,True,28,3,2019-11-13 18:59:48
61,1194691327939825664,David Davis,Brilliant and sunny if chilly day on the campaign trail today with some of my team visiting constituents in Howden and Gilberdyke,145725,,True,88,11,2019-11-13 18:59:43
62,1194635413081608193,David Davis,Nice to see Farage is coming to my constituency to the same place where I was readopted three months ago He will find we‚Äôre all very welcoming in East Yorkshire,145725,,True,302,49,2019-11-13 15:17:32
63,1194632167621480450,David Davis,Good news for democracy The postal workers have every right to strike but not when it would hold our democracy to ransom,145725,,True,245,58,2019-11-13 15:04:38
64,1194624848170901516,David Davis,Good to see unemployment going down for the fastest quarterly rate in several years,145725,,True,61,13,2019-11-13 14:35:33
65,1194579330095034369,David Davis,.@john4brexit the Brexit Party MEP has a good piece on why Boris deal is a good one and can lead to a Canada outcome.,145725,,True,53,16,2019-11-13 11:34:41
66,1194536701701562369,David Davis,Lord Berkeley is right that it's been clear for a long time there has been a massive underestimate of the cost of HS2 It's ridiculous to suggest it should go ahead despite the spiralling cost There are many other things the money could be spent on.,145725,,True,175,58,2019-11-13 08:45:17
67,1194535275759853568,David Davis,Wrong decision again to carry on with HS2 It‚Äôs time to scrap this white elephant and invest in more useful local infrastructure from rail to broadband,145725,,True,1822,581,2019-11-13 08:39:37
68,1194321424355340289,David Davis,A tragedy that the last years of his life were blighted by the disgraceful Operation Midland This makes it all the more important that we fix these weaknesses in our policing.,145725,,True,101,18,2019-11-12 18:29:51
69,1194321417141182464,David Davis,Very sad that the great and gallant Field Marshal Bramall has died My condolences to his whole family for their loss he was a very great man.,145725,,True,201,20,2019-11-12 18:29:49
70,1194318590205452288,David Davis,Cold wet day on the streets but reception still very good and we‚Äôve found our mascot for the election,145725,,True,102,7,2019-11-12 18:18:35
71,1194293793115246597,David Davis,Although there are bits of flooding around my constituency we‚Äôve thankfully not been hit as hard as elsewhere in the area My thoughts go to those affected.,145725,,True,118,9,2019-11-12 16:40:03
72,1194008529251848194,David Davis,I think I also may have met half of Haltemprice and Howden‚Äôs canine population,145725,,True,50,6,2019-11-11 21:46:31
73,1194008516815667201,David Davis,Some fantastic responses today from constituents on the success of our Transwaste appeal My team and I enjoyed a great lunch at The Green Dragon in Welton,145725,,True,82,6,2019-11-11 21:46:28
74,1193225606089101325,David Davis,Away from politics a great visit to a young entrepreneur @NFireLabs A start-up company offering bespoke 3-D design and printing at an amazingly good price,145725,,True,72,10,2019-11-09 17:55:28
75,1193198294278819840,David Davis,Great morning campaigning Response on the street has been excellent Thankfully the weather has improved,145725,,True,289,50,2019-11-09 16:06:56
76,1191774219945811971,David Davis,The ISC report on any Russian influence in our democracy should be published To not do so risks creating a paranoid vacuum that'll only damage the institutions we hold dear I told the minister as much earlier today,145725,,True,92,29,2019-11-05 17:48:10
77,1191769002047131649,David Davis,The health and lives of British children in Syria are at risk if we wait any longer to bring them home I again asked the Foreign Secretary @DominicRaab to do just that The Government must solve this problem before there is a fatality,145725,,True,27,8,2019-11-05 17:27:26
78,1190042659190120449,David Davis,"Very significant that the @ICOnews says ""police forces need to slow down and justify the use of live facial recognition technology I completely agree It is time for Parliament to debate this.",145725,,True,75,15,2019-10-31 23:07:34
79,1189189261523767299,David Davis,The Government has taken a very progressive view on the use of genomics But often the symptoms of genetic diseases do not manifest themselves until the developmental damage has been done So today I urged@Jochurchill4 to look at genetic testing for all newborns in the future,145725,,True,37,9,2019-10-29 14:36:28
80,1189153329399681024,David Davis,Interesting open minded response from @MattHancock on cannabis This is a serious and urgent issue for children with intractable epilepsy I think there is an argument for immediate controlled trials at a leading children's hospital @GreatOrmondSt PhilippaW,145725,,True,99,13,2019-10-29 12:13:41
81,1188852086240415745,David Davis,I welcome the Government's generous approach to child refugees in Europe I hope they will show the same generosity to British child refugees in Syria,145725,,True,73,15,2019-10-28 16:16:39
82,1188793360422715393,David Davis,This is particularly strange given the sugar tax is a major part of @DHSCgovuk's childhood obesity plan,145725,,True,11,0,2019-10-28 12:23:18
83,1188793359210614785,David Davis,Interesting to learn that uk has not made an assessment of the impact of the sugar tax on consumption,145725,,True,22,4,2019-10-28 12:23:18
84,1188406010425294848,David Davis,The 60 British children caught in the violence in north-east Syria must be repatriated If we to do nothing we will see these children again But it will not be as functioning members of society It will be as our enemy on the battlefields of the future,145725,,True,171,45,2019-10-27 10:44:07
85,1187405145241509888,David Davis,RT @lowcarbGP In Westminster today with @DavidDavisMP discussing fatty liver and type 2 diabetes Also How starchy carbs are ‚Äòsoon to be su‚Ä¶,145725,,True,0,47,2019-10-24 16:27:02
86,1187402816526192646,David Davis,RT @CentralLobby NEW Police conduct towards investigative journalists seeking to expose the truth of what happened at the Loughinisland m‚Ä¶,145725,,True,0,8,2019-10-24 16:17:46
87,1187334448762757120,David Davis,Watch the full debate here,145725,,True,17,9,2019-10-24 11:46:06
88,1187334445826760704,David Davis,Here is the story of TheDetail and @TrevorBirney two journalists who were arrested for exposing incompetence and collusion in the investigation of the Loughinisland massacre a brutal sectarian attack during the Northern Irish Troubles,145725,,True,137,68,2019-10-24 11:46:06
89,1187320147746402304,David Davis,Great to see John Humphrys back in play Might even see Classic FM listenership increase at expense of Radio 4,145725,,True,54,10,2019-10-24 10:49:17
90,1187285256241590272,David Davis,.@michaelgove is absolutely correct @SteveBakerHW did some brilliant work at DExEU supported by some fantastic civil servants,145725,,True,623,150,2019-10-24 08:30:38
91,1186942759518818306,David Davis,Good luck to my former press SpAd @TEMSmith who is running 3 marathons in 3 days Clearly a year working on Brexit was not tough enough He's raising money for a very good cause @theCALMzone,145725,,True,39,6,2019-10-23 09:49:40
92,1186659031903014912,David Davis,@AWMurrison Here is the response from @AWMurrison,145725,,True,5,1,2019-10-22 15:02:14
93,1186658615316406273,David Davis,The geopolitical disaster in Syria has left at least 60 British children there through no fault of their own in need of the Government's help Today I asked @AWMurrison not to abandon our moral obligations and to repatriate these vulnerable children before it's too late,145725,,True,60,19,2019-10-22 15:00:35
94,1186645613510873090,David Davis,Earlier today I asked @KellyTolhurst about executive pay The Government thinks there is no link between the use of share buyback and executive underperformance Maybe they should look at this Poland study,145725,,True,29,10,2019-10-22 14:08:55
95,1186329407583076357,David Davis,.@EmmaHardyMP asked a good question about BAE Brough today We are going to see the Minister @annietrev to discuss the issue on Wednesday.,145725,,True,33,2,2019-10-21 17:12:26
96,1186314474703208448,David Davis,Today I asked @MarkLancasterMK what the Ministry of Defence is doing to increase the recruitment of service personnel and to ensure they are fit for deployment,145725,,True,34,3,2019-10-21 16:13:06
97,1185501990375383040,David Davis,During the referendum Parliament effectively made a promise to the British people to deliver on their decision Today is the day to deliver on that promise and vote the deal through,145725,,True,2272,433,2019-10-19 10:24:34
98,1184504036902477824,David Davis,I also spoke on @BBCr4today programme on Britain's trade opportunities after we leave the EU,145725,,True,184,54,2019-10-16 16:19:04
99,1184501609398706176,David Davis,Here are my three criteria for an acceptable deal for Northern Ireland: 1 Do not break up the union 2 Equal Advantage for Northern Ireland when leaving the EU 3.Maintain democratic rights,145725,,True,1390,330,2019-10-16 16:09:25
100,1184445166733672448,David Davis,Victims of domestic violence experience terror and fear when their assailants are released from prison Today I urge @patel4witham to look at extending restriction on those criminals possibly for life to better protect victims,145725,,True,127,30,2019-10-16 12:25:08
101,1184395659979481088,David Davis,Following my intervention on returning foreign fighters to face justice and rescuing their families from becoming future terrorists J_Harper &amp @Jamie4North backed me up The Foreign Secretary said he would take on board our concerns and keep the situation under review,145725,,True,61,19,2019-10-16 09:08:25
102,1184128855377883149,David Davis,The escape of Daesh prisoners in northern Syria is a threat to western society I urged @DominicRaab to work with colleagues to return terrorists and their families to face justice and ensure their children are not brought up in an environment which will turn them into terrorists,145725,,True,211,55,2019-10-15 15:28:13
103,1182576753719599104,David Davis,Harrowing piece on the recent suicides linked to the Loan Charge This punitive retrospective tax must be scrapped,145725,,True,451,283,2019-10-11 08:40:43
104,1181898123561652224,David Davis,Here is my letter to @patel4witham,145725,,True,129,31,2019-10-09 11:44:05
105,1181861978496798720,David Davis,After the Chief Magistrate who issued search warrants in Operation Midland agreed with the Henriques report's criticism of the police it looks inevitable there will have to be a criminal investigation of police conduct I will write to the Home Secretary,145725,,True,367,116,2019-10-09 09:20:28
106,1181576051815862274,David Davis,When violent criminals are released it is a time of fear and sometimes terror for their victims Today I asked @RobertBuckland what more can be done to protect victims beyond the licence period of their abusers,145725,,True,131,22,2019-10-08 14:24:18
107,1181188837533458433,David Davis,There is a growing impetus behind the restriction of both private and public use of facial recognition cameras in US towns,145725,,True,50,13,2019-10-07 12:45:38
108,1180782046890909697,David Davis,The UK‚Äôs constitution has worked for hundreds of years but faced with a number of challenges including Brexit it is close to failure We now need a full-scale written constitution to rebalance our nation‚Äôs decision-making.,145725,,True,3908,1108,2019-10-06 09:49:12
109,1179000188372951041,David Davis,The tragedy of the Loan Charge is that seven people have taken their own lives because of the pressure and stress caused If Ministers do not end the use of this punitive retrospective taxation the Commons will force it to,145725,,True,687,348,2019-10-01 11:48:44
110,1178677667178135554,David Davis,Finally investment in hospitals is excellent and it should be publicly financed NOT through PFI This is possible when interests rates are so low.,145725,,True,74,8,2019-09-30 14:27:09
111,1178677666129616896,David Davis,"The investment in ""on demand bus services is good This could be fantastic for low-density rural areas.",145725,,True,66,7,2019-09-30 14:27:09
112,1178677664929857536,David Davis,.@SajidJavid is right infrastructure investment IS key to Britain's future success Investment in extending high-speed broadband to the most remote areas of the country is long overdue.,145725,,True,167,23,2019-09-30 14:27:08
113,1177871286825029632,David Davis,Yesterday I went to meet with Sir Amyas Morse who is heading up the independent inquiry into the Loan Charge scandal I am impressed at how seriously he and his team appear to be taking it.,145725,,True,692,260,2019-09-28 09:02:53
114,1176925292004290560,David Davis,I have signed the @loanchargeAPPG's open letter to the Chancellor It is critical that all activity related to this unfair retrospective tax is suspended while Sir Amyas Morse conducts his review,145725,,True,434,265,2019-09-25 18:23:50
115,1175001776862482432,David Davis,The unfettered and unregulated growth of the surveillance state continues with the rollout of live facial recognition cameras across Britain This must be halted now so Parliament can debate and regulate it properly,145725,,True,244,90,2019-09-20 11:00:28
116,1174604471554453504,David Davis,The future of medical research lies in big data But we must ensure ultra-sensitive healthcare data remains private In today's @Telegraph I outline how we can build on the extraordinary position we already enjoy in physiological research and genomics,145725,,True,84,19,2019-09-19 08:41:43
117,1174264009534689282,David Davis,We need a proper legal framework fit for these emerging technologies to balance policing effectiveness and privacy Parliament must have the chance to debate it properly and establish proper rules for the police to follow An immediate halt would allow the time for that debate.,145725,,True,75,21,2019-09-18 10:08:51
118,1174264007945052161,David Davis,Today I along with colleagues from across the House sign @bbw1984's pledge calling on UK police &amp companies to immediately halt the use of facial recognition cameras The unregulated use of such systems is potentially a serious invasion of individual privacy and civil liberties,145725,,True,258,107,2019-09-18 10:08:50
119,1173903766258688001,David Davis,The answer is greater personal responsibility and laws encouraging producers to reformulate food to make it healthier on the basis of the latest science,145725,,True,127,17,2019-09-17 10:17:22
120,1173903765235228672,David Davis,I am opposed to the nanny state But the epidemic of dietary diseases will see the cost of the NHS double in a generation.,145725,,True,144,22,2019-09-17 10:17:22
121,1171793293845389312,David Davis,The common sense next step for @HMRCgovuk is to freeze all action and defer all deadlines until the end of the year.,145725,,True,317,187,2019-09-11 14:31:06
122,1171793292062842880,David Davis,Excellent news there is to be an independent review into the Loan Charge Sir Amyas Morse is principled and highly respected As the head of the review I trust him to put an end to this unfair retrospective taxation once and for all,145725,,True,416,228,2019-09-11 14:31:06
123,1169940064035627008,David Davis,A pleasure to open Training‚Äôs fantastic new facility in Holme-on-Spalding-Moor An excellent local success story,145725,,True,42,6,2019-09-06 11:47:02
124,1169601943402102784,David Davis,Disappointing decision by the courts With 55 per cent of people wanting restrictions imposed on the use of this controversial technology it is time Parliament had a definitive say on the use of such systems,145725,,True,168,40,2019-09-05 13:23:28
125,1169289274002485252,David Davis,Today I spoke at the Loan Charge demonstration outside of Parliament It is time this unjust policy is cancelled,145725,,True,465,266,2019-09-04 16:41:01
126,1169283623134085120,David Davis,The Chancellor has today confirmed an extra ¬£750 million will be made available to recruit additional police officers across the UK This means safer communities throughout Yorkshire and more officers for @Humberbeat,145725,,True,306,52,2019-09-04 16:18:34
127,1169279604747636737,David Davis,"Today's confirmation that primary schools will receive guaranteed funding of ¬£3,750 per pupil in 2020-21 is an excellent first step",145725,,True,95,21,2019-09-04 16:02:36
128,1168826711443693568,David Davis,I suspect this will not be the last time we see headlines about HS2 being further delayed and billions overbudget The recently announced review into the project must scrap this white elephant,145725,,True,790,241,2019-09-03 10:02:58
129,1168595471801167873,David Davis,This is the right decision but it is only the start of a wider debate on the use of facial recognition technology and the implications for civil liberties.,145725,,True,118,27,2019-09-02 18:44:06
130,1168479733174218753,David Davis,I have consistently argued that a Brexit deal will not be sealed until the final few weeks leading up to 31 October Attempts to block no deal only serve to weaken the UK's negotiating hand at this critical time and reduce the likelihood of a deal,145725,,True,6073,1406,2019-09-02 11:04:12
131,1167103191885828098,David Davis,If we do not get a handle on antibiotic resistance and if this gets out of control even going to hospital could be potentially life-threatening AMR has the potential to make the great flu epidemic look like a mere cold.,145725,,True,195,46,2019-08-29 15:54:19
132,1167103190057308160,David Davis,Dame Sally Davies is absolutely right AMR is the most immediate threat to humankind We should not forget that this year is the 100th anniversary of the 1918 Influenza epidemic which in one year killed at least three times as many people as WW1 did in total,145725,,True,282,110,2019-08-29 15:54:18
133,1164550662086111232,David Davis,The rest of my interview on the @BBCR4Today programme can be heard here,145725,,True,59,12,2019-08-22 14:51:28
134,1164550659544367104,David Davis,Good to visit @BBCR4Today this morning to talk about no deal preparation We must remember that Yellowhammer is a worst-case scenario drafted by those predisposed to pessimism,145725,,True,984,231,2019-08-22 14:51:28
135,1164473767021678592,David Davis,My recommendation to the independent review of HS2 is to scrap this colossal waste of money Here's why:,145725,,True,1801,512,2019-08-22 09:45:55
136,1164116811849371650,David Davis,Fantastic to hear that there will be an independent review into whether to proceed with HS2 It's time to cancel this white elephant and spend money where it will have the most impact across the country.,145725,,True,5892,1300,2019-08-21 10:07:30
137,1161304104548876289,David Davis,It is time @ukhomeoffice brought proposals to Parliament to regulate this technology and set proper standards of use both for the private sector and police forces up and down the country.,145725,,True,138,39,2019-08-13 15:50:49
138,1161304103148036096,David Davis,This is yet another demonstration of the pressing need to regulate facial recognition tech The use of this by private companies with no clear oversight or accountability is a serious intrusion on the privacy of citizens going about their everyday lives,145725,,True,285,93,2019-08-13 15:50:48
139,1159167165825802240,David Davis,The roll out of handheld facial recognition devices is completely unacceptable whilst the technology is subject to an ongoing legal challenge It‚Äôs time for a moratorium on the use of such cameras so we can better understand the risks and limitations,145725,,True,742,296,2019-08-07 18:19:23
140,1159116467276779520,David Davis,"RT @libertyhq ""#FacialRecognition is very different to CCTV because it takes your biometric data and makes a map of your face that can be‚Ä¶",145725,,True,0,15,2019-08-07 14:57:55
141,1159115565354684419,David Davis,The Ashes Trust Playing Field in Howden is in the running for the @FieldsinTrust Best Park 2019 award Cast your vote here to nominate this fantastic green space at the heart of the local community #LoveYourLocalPark,145725,,True,18,0,2019-08-07 14:54:20
142,1156939074785222656,David Davis,It's time for the new PM @BorisJohnson to instruct @sajidjavid to scrap the unfair Loan Charge a retrospective tax which is thought to have led to suicides,145725,,True,1381,634,2019-08-01 14:45:44
143,1155435695642750977,David Davis,"422,000 European jobs are at risk from a ""no deal scenario It's still likely that the Commission will return to the negotiating table though this may happen shortly after Brexit as they still hope Parliament will stop ""no deal.",145725,,True,2146,710,2019-07-28 11:11:51
144,1154055974468182016,David Davis,What a pity to hear of @PennyMordaunt's resignation She would've been a fantastic Secretary of State.,145725,,True,352,58,2019-07-24 15:49:20
145,1152887318375743488,David Davis,The allegation that the police have used intrusive surveillance techniques on journalists is worrying We urgently need a new Official Secrets Act and we need an explicit statutory protection for journalists acting in the public interest.,145725,,True,1160,421,2019-07-21 10:25:30
146,1151878058992963584,David Davis,Today the Government announced it will not establish an independent judge-led inquiry into the UK's complicity in torture overseas The Government is asking us to allow it to mark its own homework This is not good enough and it will be challenged in the courts,145725,,True,238,104,2019-07-18 15:35:04
147,1151860390306992129,David Davis,Today the @CommonsSTC launched their report on the forensic &amp biometric strategy This is a good report and I wholeheartedly agree with their call for a moratorium on the use of live facial recognition technology until a proper regulatory framework is established,145725,,True,28,14,2019-07-18 14:24:52
148,1151513035669942272,David Davis,There have been reports of the @metpoliceuk using intrusive surveillance techniques on journalists to track down the source of diplomatic leaks Today I asked @NickHurdUK to reassure the House this is not the case The Government must do all it can to protect press freedom,145725,,True,272,104,2019-07-17 15:24:36
149,1151089848704479232,David Davis,I'll shortly be appearing on @BBCRadio2 discussing my granddaughter and our family's fight with the rare genetic condition Syngap1,145725,,True,53,9,2019-07-16 11:23:00
150,1150810690879393792,David Davis,Today I gave @DLidington notice that if the Government does not establish an independent judge-led inquiry into the UK's complicity in rendition and torture I will seek legal advice on whether it is in breach of human rights law,145725,,True,217,98,2019-07-15 16:53:44
151,1150798203182301190,David Davis,Additional work is secured for the site so there will be no compulsory redundancies in 2019 BAE are also retraining employees for design &amp engineering roles created at the site The Government and BAE must continue doing all they can to secure the long-term future of BAE Brough,145725,,True,86,18,2019-07-15 16:04:07
152,1150798202154749952,David Davis,Today I had a constructive meeting with @StuartAndrew to discuss the Kuwaiti Government's disappointing decision to end interest in buying Hawk aircraft from @BAESystemsplc in Brough The Minister has committed to doing everything possible to help BAE.,145725,,True,58,13,2019-07-15 16:04:06
153,1150709052218970112,David Davis,If you would like to support the Patrick Wild Centre's research into SYNGAP1 like that which afflicts my granddaughter please click below.,145725,,True,73,42,2019-07-15 10:09:51
154,1150709050935578624,David Davis,I sat down with The @DailyMailUK last week to talk about my granddaughter and our family's fight with a rare genetic condition.,145725,,True,328,85,2019-07-15 10:09:51
155,1147224746364481536,David Davis,RT @rowlsmanthorpe The MP who's leading on this is @DavidDavisMP This was what he said in response to those comments You shouldn't belie‚Ä¶,145725,,True,0,19,2019-07-05 19:24:28
156,1147224705574813696,David Davis,RT @rowlsmanthorpe NEW (and I promise this really happened) The head of the Metropolitan Police Federation said China‚Äôs facial recognitio‚Ä¶,145725,,True,0,115,2019-07-05 19:24:18
157,1146511218817077248,David Davis,This is a damning evaluation of live facial recognition cameras These trials must be suspended until parliament has had the chance to properly debate the issues and establish a clear regulatory framework.,145725,,True,155,68,2019-07-03 20:09:10
158,1146511028932501509,David Davis,RT @SkyNewsTech Conservative MP David Davis says the decision to use facial recognition should not be down to the police. A study by the‚Ä¶,145725,,True,0,40,2019-07-03 20:08:25
159,1146510957444763653,David Davis,"RT @SkyNewsTech David Davis MP says that he believes that Boris Johnson would ""understand the risk of police facial recognition technolog‚Ä¶",145725,,True,0,34,2019-07-03 20:08:08
160,1146069242984443904,David Davis,Today I asked Norman what impact @hmtreasury believes the Loan Charge is having on people's mental health It's time the Treasury takes seriously the impact this policy is having on those ordinary citizens affected and scrap the retrospective Loan Charge altogether,145725,,True,497,253,2019-07-02 14:52:55
161,1145653710363738112,David Davis,I am backing @BorisJohnson because he will deliver Brexit unite our Party and then defeat Jeremy Corbyn It‚Äôs as straightforward as that.,145725,,True,4165,1012,2019-07-01 11:21:44
162,1144624545850109954,David Davis,Delighted to congratulate J Rotherham @cambridgehok and Yorkare Homes on making it into @LSEGplc ‚Äò1000 companies to inspire Britain‚Äô Together they have created almost 250 new jobs in Haltemprice and Howden The economy is thriving in Yorkshire and the Humber,145725,,True,20,7,2019-06-28 15:12:12
163,1144577759781576704,David Davis,Glad to hear the @ChtyCommission has withdrawn the official warning against the @iealondon It was a wholly inappropriate case against them and would have resulted in a chilling effect on the entire thinktank sector hindering bold thinking and the creation of new ideas.,145725,,True,241,78,2019-06-28 12:06:17
164,1144572652566319105,David Davis,I and colleagues from the @loanchargeAPPG call on @BorisJohnson and Hunt to sign the pledge to suspend the Loan Charge and order a proper review,145725,,True,544,287,2019-06-28 11:46:00
165,1144340843349905409,David Davis,Last week I wrote for The Telegraph on the risk live facial recognition technology poses to civil liberties in the UK,145725,,True,72,26,2019-06-27 20:24:52
166,1144340841646972928,David Davis,I agree with him that a clear and specific legal framework must be put in place to govern the use of such technology,145725,,True,49,7,2019-06-27 20:24:52
167,1144340839956647938,David Davis,Important report today from the Biometrics Commissioner He is right to highlight the risks to privacy that live facial recognition technology poses.,145725,,True,59,14,2019-06-27 20:24:51
168,1144204971933650944,David Davis,Yesterday I had a great meeting with @NickHurdUK on the use of live facial recognition technology The Minister is seized of the need to get this right by properly protecting us from criminals and terrorists whilst also ensuring the privacy of ordinary citizens is safeguarded.,145725,,True,129,27,2019-06-27 11:24:58
169,1143550520134684674,David Davis,This week is National School Sport Week which is focusing on five ways to wellbeing To read more see here #NSSW @YouthSportTrust,145725,,True,18,4,2019-06-25 16:04:24
170,1143114375118630912,David Davis,I hope @johnprescott recovers completely from this stroke My thoughts are with him and his family.,145725,,True,479,37,2019-06-24 11:11:19
171,1142065979196882944,David Davis,RT @DetentionAction In a busy week full of politics @DavidDavisMP talked to us about why he thinks indefinite immigration detention is a‚Ä¶,145725,,True,0,28,2019-06-21 13:45:22
172,1141647394528006144,David Davis,Live facial recognition cameras have the potential to erode civil liberties in the UK for little gain and some risk It is time for a moratorium on the use of the cameras so that we can better understand the risks and limitations of such technology,145725,,True,948,393,2019-06-20 10:02:04
173,1141352920564346880,David Davis,Good to see Guernsey Jersey and Isle of Man acknowledge the need for public registers of beneficial ownership This means greater transparency &amp less tax evasion However concerns remain particularly on timing These must be addressed before we can endorse their proposals.,145725,,True,68,16,2019-06-19 14:31:56
174,1140335135109406720,David Davis,He is the clear winner of this debate He has set out an impressive and optimistic vision for both Brexit and Britain‚Äôs future @DominicRaab is the man to deliver it #C4Debate,145725,,True,984,207,2019-06-16 19:07:37
175,1140335132857044994,David Davis,.@DominicRaab is the only candidate who has committed to leaving in October no matter what He is the only one with first-hand experience of negotiating with the European Union #C4Debate,145725,,True,2307,507,2019-06-16 19:07:36
176,1140323855183032320,David Davis,Cutting taxes for the lowest income amongst us boosting apprenticeships building homes and ensuring people have a stake in our society This is a great vision for our future from @DominicRaab.,145725,,True,897,229,2019-06-16 18:22:47
177,1140320163847389184,David Davis,It‚Äôs clear that @DominicRaab is the only one who is determined to do what is necessary to leave in October as the majority of the people want #C4Debate,145725,,True,3769,847,2019-06-16 18:08:07
178,1140316818768302080,David Davis,.@DominicRaab is entirely right all options must be kept on the table to secure the best possible deal come October #C4Debate,145725,,True,2272,458,2019-06-16 17:54:50
179,1139209988189118464,David Davis,.@DominicRaab is absolutely the right man to make a success of Brexit that is why I am supporting him for leader of the Conservative Party,145725,,True,587,187,2019-06-13 16:36:41
180,1139155457476583424,David Davis,The new leader's mandate will only be as strong as the clarity of his message and so it is very important that everyone takes part in the debates starting with @Channel4News this Sunday before the next vote and then @BBCNews next Tuesday.,145725,,True,50,11,2019-06-13 13:00:00
181,1139154613070942208,David Davis,I'm backing @DominicRaab for leader of the Conservative Party and our Prime Minister He is the man to deliver on the opportunities Brexit presents and lead the party to electoral success,145725,,True,694,187,2019-06-13 12:56:38
182,1138833391992877057,David Davis,Today I met with @StuartAndrew to ensure the need to secure future orders for the BAE Hawk aircraft remains at the top of the Government's agenda He assured me every effort is being made to create new orders as soon as possible,145725,,True,50,9,2019-06-12 15:40:13
183,1138494514081992704,David Davis,Last week I went to the fantastic #MangaExhibition at the @britishmuseum It is incredibly interesting and everyone should go,145725,,True,25,5,2019-06-11 17:13:39
184,1138476265122533376,David Davis,I suspect the @BBC's decision will face a legal challenge in due course They will likely lose this thereby wasting more taxpayers money.,145725,,True,577,132,2019-06-11 16:01:08
185,1138476263830675456,David Davis,Very poor practice by the @BBC to withdraw free TV licences for over-75s In 2015 they agreed to take responsibility for this from 2020 They should now honour that commitment.,145725,,True,2549,575,2019-06-11 16:01:07
186,1138125257225768961,David Davis,The Met's deployment of facial recognition technology resulted in a misidentification rate of over 90% I am glad that Policing Minister @NickHurdUK has committed to carrying out urgent work to review how this technology is used,145725,,True,247,77,2019-06-10 16:46:21
187,1136224403061125120,David Davis,The decision to drop the case against Loughinisland journalists @trevorbirney and Barry McCaffrey was a momentous day for press freedom The PSNI must now deliver justice for the Loughinisland victims and their families,145725,,True,30,10,2019-06-05 10:53:02
188,1136214078999945217,David Davis,In March I wrote for @Telegraph on how S.60 stop and search powers are precisely the targeted powers necessary to cope with an epidemic of knife violence Pleased to see the increase used of these powers is now having an effect.,145725,,True,174,40,2019-06-05 10:12:00
189,1135669309471150080,David Davis,PSNI have now dropped the case against @trevorbirney and Barry McCaffrey An outstanding victory for Press Freedom My congratulations to two brave journalists and their fantastic team Now for justice for Loughinisland.,145725,,True,397,114,2019-06-03 22:07:17
190,1135179588244561922,David Davis,Everyone should condemn in the strongest terms the cowardly &amp irresponsible attack on the PSNI officer The people of Northern Ireland want no return to the cruelty and violence of the past and simply want to live their lives in peace,145725,,True,328,83,2019-06-02 13:41:19
191,1134455157662633984,David Davis,For the second time this week I'm in Belfast supporting journalists Barry McCaffrey and @trevorbirney in their fight against attempts to undermine the freedom of the press,145725,,True,92,30,2019-05-31 13:42:41
192,1134394632517881858,David Davis,Philip Augar's review on student fees is a good start but it needs to be the beginning of a radical overhaul of the Higher Education system,145725,,True,47,10,2019-05-31 09:42:11
193,1130517702248939524,David Davis,I also wrote about the use of torture in today's Times Torture is wrong both in principle and in law it endangers serving soldiers and it simply does not work,145725,,True,101,24,2019-05-20 16:56:38
194,1130517694619496450,David Davis,"Following troubling news today that Government policy could allow cooperation with torture if ""the potential benefits justify accepting the risk and the legal consequences"" I asked @PennyMordaunt to make a statement",145725,,True,108,24,2019-05-20 16:56:37
195,1128967561842966528,David Davis,If the Government wants to help the North it has to build railways in the North.,145725,,True,482,100,2019-05-16 10:16:56
196,1128967560689520640,David Davis,Good report on HS2 by the House of Lords Economic Affairs Committee As they say too much emphasis has been put on cutting journey times and not enough on the economic benefits for the regions,145725,,True,560,178,2019-05-16 10:16:56
197,1128634113706070016,David Davis,Very important the Government listens to personal stories like this The retrospective Loan Charge is causing a huge amount of stress to tens of thousands of people It needs to be scrapped now,145725,,True,598,341,2019-05-15 12:11:56
198,1128616282444705793,David Davis,HS2 will not deliver on its stated aims Now is the time to scrap this vanity project and focus on infrastructure that will benefit all areas of the UK,145725,,True,1664,506,2019-05-15 11:01:05
199,1128369593351909377,David Davis,RT @GregHands 13 ex-Cabinet &amp Sir Graham Brady letter to the PM ‚ÄúA Customs Union Brexit deal with Labour is both bad policy and bad polit‚Ä¶,145725,,True,0,650,2019-05-14 18:40:49
200,1128314139951104000,David Davis,It was a pleasure to launch a report today from tpa proposing 28 great alternatives to HS2 It's time the Government scrapped HS2 and focused on investments that will genuinely boost regional growth and improve connectivity,145725,,True,975,365,2019-05-14 15:00:28
201,1127965892279619585,David Davis,The Disability Living Allowance appeal process is broken It is causing deprivation and distress to young lives including that of my eight-year-old constituent Jessica I asked the Secretary of State for Work &amp Pensions to address this as quickly as possible,145725,,True,152,58,2019-05-13 15:56:39
202,1127510380740214784,David Davis,The next PM must recognise HS2 for the wasteful vanity project it really is The money could be better spent on regional infrastructure fibre-optic broadband fixing the housing crisis or funding any number of more worthwhile infrastructure projects,145725,,True,2215,700,2019-05-12 09:46:37
203,1126404376120242176,David Davis,Insightful speech this morning on the rise of populism by my erstwhile Cabinet colleague @DavidGauke However we must face up to the fact that we in the establishment got it wrong in 2008.. and now we are reaping the consequences @ukonward #GaukePopulism,145725,,True,181,46,2019-05-09 08:31:45
204,1126094862967873537,David Davis,Indefinite detention of migrants is an important issue from a civil liberties standpoint But this report shows it also costs as much as ¬£35m a year This Government must change course on this when the Immigration Bill comes back to Parliament,145725,,True,171,63,2019-05-08 12:01:51
205,1125786234436161536,David Davis,Delays to the granting of probate are absolutely unacceptable The government is causing undue stress to grieving families This needs to be sorted quickly,145725,,True,207,60,2019-05-07 15:35:29
206,1125057203214389250,David Davis,The local election results show the public are fed up with politicians failing to deliver Brexit The way forward is to go back to the EU and give it one last chance renegotiate an acceptable deal or leave calmly and speedily without a deal,145725,,True,5895,1868,2019-05-05 15:18:34
207,1124639240934043650,David Davis,I will be backing @DominicRaab in the forthcoming Conservative leadership contest His unique combination of intellect determination decisiveness and courage means he is the best placed candidate to deliver on the opportunities Brexit presents,145725,,True,4168,1117,2019-05-04 11:37:44
208,1123529696296284163,David Davis,A few months ago I wrote about this and related issues in The Times.,145725,,True,65,12,2019-05-01 10:08:48
209,1123529695184740360,David Davis,This is a move in the right direction on what must be done to protect consumers buying smart home technology However it is only the first step much will need to be done on this issue,145725,,True,59,17,2019-05-01 10:08:48
210,1123250540593520642,David Davis,Fantastic news that North Ferriby will once again be home to a football team There is a long history of football in the area and I hope North Ferriby Football Club go on to enjoy great success,145725,,True,46,8,2019-04-30 15:39:32
211,1122854071159988224,David Davis,Well done to @CherylGillan on securing an Urgent Question on delaying HS2 People across the country are rightly concerned about the impact it will have HS2 is a huge waste of money that needs to be scrapped.,145725,,True,2082,604,2019-04-29 13:24:06
212,1121075574397722627,David Davis,Law enforcement agencies in countries like the US may be able to demand that data giving them access to UK citizens personal information It is vital we ensure the privacy of UK citizens is not compromised and such data always remains within the control of UK authorities.,145725,,True,602,159,2019-04-24 15:37:00
213,1121075572220755968,David Davis,The Government will soon announce the award of a multi-million pound contract to store UK citizens bio-metric data Today I asked @DLidington for assurances that this data would not be held by a foreign company or be subject to foreign laws,145725,,True,1070,419,2019-04-24 15:36:59
214,1116368739715506176,David Davis,You can listen to the rest of the interview here,145725,,True,213,67,2019-04-11 15:53:43
215,1116340548179197952,David Davis,No Deal Brexit is manageable and can be done Every single DExEU Minister that has worked on preparations is in agreement on this I said as much in this morning's interview on @BBCr4today,145725,,True,5565,2154,2019-04-11 14:01:41
216,1115685928645926912,David Davis,I along with over 110 colleagues from all parties have written to @MelJStride urging him to suspend the Loan Charge The weight of parliamentary opinion is clear the Loan Charge is unjust and must be reversed,145725,,True,559,286,2019-04-09 18:40:28
217,1115683532817489921,David Davis,I followed this up with the Minister and have asked for further assurances that the UK law on extradition is operating properly and that the UK is not inadvertently shielding Rwandan genocide suspects,145725,,True,180,52,2019-04-09 18:30:57
218,1115683529223036929,David Davis,Other countries with very respectable records of upholding civil liberties have seen it fit to extradite suspects of the Rwandan genocide back to Rwanda I asked the Minister @BWallaceMP why the UK had not followed suit,145725,,True,271,84,2019-04-09 18:30:56
219,1115612890428530688,David Davis,Excellent report by the @loanchargeAPPG The Government has got this wrong It must end the retrospective effect of the Loan Charge or backbench MPs will take it into our own hands,145725,,True,641,366,2019-04-09 13:50:14
220,1115342221572825095,David Davis,This present road will tear the @Conservatives apart It has alienated MPs Party members and voters It is time to focus on the one alternative Parliament has approved the Brady Amendment It is not too late.,145725,,True,2479,849,2019-04-08 19:54:42
221,1113789061880262656,David Davis,The retrospective application of the 2019 Loan Charge is absolutely wrong If the Government doesn't put it right then I and the House of Commons will act to limit HMRC's ability to take retrospective action against hard working taxpayers,145725,,True,2094,925,2019-04-04 13:03:00
222,1113477502368874497,David Davis,"Today remainer MPs are attempting to force through legislation to extend Article 50 and delay Brexit Earlier I raised concern about the lack of time the @HouseofCommons will have to debate this As the old saying goes ""legislate at pace repent at leisure""",145725,,True,1925,621,2019-04-03 16:24:58
223,1113415209677393920,David Davis,A good start by the @educationgovuk However much more is needed Technology has the potential to transform classrooms we must be smarter about unlocking that potential,145725,,True,24,3,2019-04-03 12:17:26
224,1113128915307020288,David Davis,Earlier today I appeared on @BBCr4today to discuss the next steps in the Brexit process You can listen to the full interview here,145725,,True,172,50,2019-04-02 17:19:49
225,1112354534691606528,David Davis,Those who wish to thwart Brexit have captured Parliament to deliver a customs union This would not be a true Brexit MPs must deliver on the will of the British people,145725,,True,5187,1789,2019-03-31 14:02:42
226,1111206110529236993,David Davis,Great piece by @GregHands on why a customs union is the wrong choice,145725,,True,611,203,2019-03-28 09:59:16
227,1110911350048350209,David Davis,Today the @HouseofCommons will have a series of votes on what it wants from Brexit The PM has ruled out enacting any outcome that does not meet the democratic decision of the British people In @BrexitCentral I outline why she is right to have done so,145725,,True,592,265,2019-03-27 14:28:00
228,1110902456186224640,David Davis,The Norway Plus option being debated today fails to deliver on Brexit It fails to take back control of borders laws and money It's time to end the procedural games and deliver the Brexit the people voted for,145725,,True,2670,956,2019-03-27 13:52:39
229,1110597370444738563,David Davis,It was a pleasure to chair today's panel on post-18 education at the @WHEFEvents We discussed a broad range of ideas on tuition fees value for money for students and more choice in higher education These are important issues that deserve attention,145725,,True,37,3,2019-03-26 17:40:21
230,1110242501527564288,David Davis,Outsourcing Army recruitment to Capita has been an absolute failure It's time the Government terminates the agreement takes it back in-house and does the job properly,145725,,True,1628,511,2019-03-25 18:10:14
231,1110220043449782272,David Davis,There would likely be some short-term disruption in a no-deal scenario but it would ensure a Brexit of opportunity and promise,145725,,True,5507,1901,2019-03-25 16:40:59
232,1108763537969725441,David Davis,Migrants are held indefinitely and without trial while they await removal Many are victims of human trafficking or simply do not have the right documentation It cannot be right that they are treated this way.,145725,,True,115,29,2019-03-21 16:13:21
233,1108763536946282496,David Davis,Very thoughtful report by @CommonsHomeAffs on indefinite migrant detention It reinforces the amendment I have signed to the Immigration Bill limiting detention to 28 days,145725,,True,65,12,2019-03-21 16:13:21
234,1108735388074590209,David Davis,Very good report on HS2 from the @NEF It reiterates my point that we could usefully spend this money on other projects such as improvements on the existing rail network,145725,,True,655,227,2019-03-21 14:21:30
235,1108341182822866944,David Davis,Last week I wrote in @thetimes about the need to rein in companies such as Google,145725,,True,71,14,2019-03-20 12:15:04
236,1108341181493190656,David Davis,This is the right decision by the European Commission on Google The company has now been fined ‚Ç¨8.25 billion by the EU over the past two years,145725,,True,94,24,2019-03-20 12:15:04
237,1108065827516022787,David Davis,Hundreds of thousands of pounds are available to help businesses prepare for a No Deal outcome I asked Secretary of State @GregClarkMP why this wasn't more widely publicised It's almost as if the Treasury didn't want you to know..,145725,,True,3899,2086,2019-03-19 18:00:54
238,1107703682462896128,David Davis,39 weeks is far too long for children to wait for disability appeals The Minister @JustinTomlinson has agreed to meet with me to discuss this,145725,,True,150,29,2019-03-18 18:01:52
239,1107268777253785600,David Davis,With a change of approach the Prime Minister‚Äôs deal is (just still capable of rescue Last week‚Äôs votes show that the alternative is a cascade of chaos with Remainers frustrating and then cancelling Brexit.,145725,,True,598,229,2019-03-17 13:13:43
240,1106542994143014912,David Davis,Sad news about North Ferriby United The club had a long and important history in the local area Very disappointing.,145725,,True,122,7,2019-03-15 13:09:43
241,1106260682931085313,David Davis,Spectacular indecision on the part of @UKLabour on the issue of a second referendum.,145725,,True,763,112,2019-03-14 18:27:54
242,1106156139404771330,David Davis,There is now a real risk Parliament will thwart Brexit MPs must endorse a way forward that delivers on the will of the British people,145725,,True,1684,637,2019-03-14 11:32:29
243,1105867065573937152,David Davis,As I said earlier this week in The Times the Government must rein in companies like Facebook and Google who have often treated users personal data with cavalier disregard,145725,,True,92,20,2019-03-13 16:23:49
244,1105867063875325955,David Davis,Thoughtful report by @jasonfurman on digital competition I'm glad the Government has asked the @CMAgovUK to look into it,145725,,True,36,8,2019-03-13 16:23:48
245,1105514079240835076,David Davis,It is important to understand how this deal will work in practice So earlier I asked the Prime Minister if the mood in the EU had changed and whether she believed they would engage constructively in future talks,145725,,True,363,143,2019-03-12 17:01:10
246,1105400465154547714,David Davis,This all now depends on the Attorney General's legal advice It is critical that he confirms we can escape this backstop.,145725,,True,881,256,2019-03-12 09:29:42
247,1105188642069336065,David Davis,To tackle knife crime we need a two pronged approach It is not enough to just increase police numbers we need to break the cycle of crime We need to be smarter as well as tougher,145725,,True,277,58,2019-03-11 19:28:00
248,1105168269877612544,David Davis,Tech companies collect huge amounts of personal data on us Now is the time for Government to act to reign in data-harvesting and ensure privacy is respected,145725,,True,377,106,2019-03-11 18:07:03
249,1105168063949955073,David Davis,The Department for Exiting the EU put up a junior minister to answer Jeremy Corbyn's urgent question and he did a good job,145725,,True,336,68,2019-03-11 18:06:14
250,1104046066649960449,David Davis,Great to visit @BAESystemsplc at Brough We discussed the need to secure future orders for Hawk aircraft and protect the high-skilled jobs at the site I will continue to work with the Government and BAE management to do this,145725,,True,217,41,2019-03-08 15:47:49
251,1101484734071349248,David Davis,The Government has been right to help the NHS with No Deal Brexit planning It‚Äôs very regrettable that Eurotunnel seems to have tried to block this from happening.,145725,,True,1495,488,2019-03-01 14:09:59
252,1100846175828226048,David Davis,Great to hear from Humberside and South Yorkshire Cadets this evening The Howden detachment's film on the impact of WW1 was powerfully evocative,145725,,True,130,17,2019-02-27 19:52:35
253,1100698672554217472,David Davis,Fears of No Deal are certainly exaggerated We must hold our nerve and deliver the Brexit the British people clearly voted for,145725,,True,4408,1571,2019-02-27 10:06:28
254,1100091868505878528,David Davis,Shamima Begum's newborn child is a British citizen who has done nothing wrong yet he has found himself born into an horrific civil war Today I asked the Home Secretary @sajidjavid what responsibility we have to that child,145725,,True,499,142,2019-02-25 17:55:14
255,1099292892676456450,David Davis,Good news that the Government is to review Persimmon‚Äôs behaviour under Help to Buy The whole policy needs review as corporate incentives are all wrong at the moment Today both new buyers and tax payers pay the price,145725,,True,401,128,2019-02-23 13:00:24
256,1098258552483909634,David Davis,It's time that we required all drones capable of flying above 50 meters to have a transponder,145725,,True,630,127,2019-02-20 16:30:18
257,1096042187949817857,David Davis,Today I asked my successor as Brexit Secretary @SteveBarclay to confirm that if the EU are not willing to agree a deal by 29 March we will be leaving without a deal He confirmed this is the case,145725,,True,4912,1900,2019-02-14 13:43:15
258,1096026535688065024,David Davis,I along with several colleagues have written to @sajidjavid demanding reform of the rules on the unjustified indefinite detention of migrants Many detainees are victims of trafficking and abuse Our current policy undermines our proud traditions of justice and the rule of law,145725,,True,117,36,2019-02-14 12:41:03
259,1096015671257894912,David Davis,For the cost of HS2 we could replace the entire rolling stock on the country's railway network twice over and have change to spare Earlier I asked the Minister why he doesn't cancel this white elephant,145725,,True,3483,1346,2019-02-14 11:57:53
260,1095639684766724096,David Davis,We are going to have to use a whole host of strategies from whole genome sequencing to big data to manage #AMR before it gets out of control.,145725,,True,68,16,2019-02-13 11:03:51
261,1095639682422132736,David Davis,"Very good meeting on Anti-Microbial Resistance and the strategies we can use to deal with what is potentially the biggest issue facing humanity There are 33,000 deaths from #AMR in Europe alone",145725,,True,98,20,2019-02-13 11:03:50
262,1095353725043073024,David Davis,The U.K has an exemplary record for workers rights we've had the best standard of safety in the workplace since we joined the EU Today I asked the Prime Minister to guarantee Parliament will have the sole say on any future changes to this key area And she did,145725,,True,1439,478,2019-02-12 16:07:33
263,1094969366339354624,David Davis,A clean Brexit presents us with huge opportunities the civil service's Project After rightly recognises this We will have flexibility that the EU won't a floating currency sovereign trade policy and greater support for U.K business.,145725,,True,4750,2001,2019-02-11 14:40:15
264,1093893940435144705,David Davis,RT @EMAGnews ‚ÄúAffordability is always a decision of priority said @DavidDavisMP when he called for the Government to #settlethedebt for t‚Ä¶,145725,,True,0,15,2019-02-08 15:26:53
265,1093239044983656448,David Davis,RT @itvpeston üì∫PESTON LIVE Watch @Peston and @GuardianAnushka live with no ad breaks and exclusive extra content We‚Äôll be hearing from @‚Ä¶,145725,,True,0,35,2019-02-06 20:04:34
266,1093216245992878081,David Davis,It was great to speak with representatives of the Antimicrobial Resistance Fighter Coalition Antimicrobial resistance is one of the biggest threats facing us in the modern era It is crucial we get a firm grip on the issue #AMResistanceFighters,145725,,True,124,29,2019-02-06 18:33:58
267,1093176432774316033,David Davis,The full text of the FTA along with a summary can be found here,145725,,True,136,61,2019-02-06 15:55:46
268,1093176428764499968,David Davis,Earlier today I @GregHands @ShankerASingham and others launched a draft text for a full Free-Trade Agreement between the UK &amp EU This proposal is based on precedent which will accelerate the negotiation process and deliver a good outcome for both the UK &amp EU,145725,,True,510,211,2019-02-06 15:55:45
269,1093097794045382656,David Davis,Now is the time for Parliament and Government to hold their nerve I am confident a deal can be reached that can deliver on the opportunities Brexit presents,145725,,True,1354,400,2019-02-06 10:43:17
270,1092848391464370176,David Davis,Pleased to see the 2019/20 Police Grant pass today with the single biggest boost to police funding since 2010 Humberside Police will see an extra ¬£2.4 million in general funding This is good news for the local area It means more police on the streets and a safer community.,145725,,True,856,218,2019-02-05 18:12:15
271,1091374059055661056,David Davis,Absolute pleasure to speak with @GaryGibbonBlog and @CarolineFlintMP about the recent Brexit developments Watch the full recording here,145725,,True,150,48,2019-02-01 16:33:47
272,1090980219882737664,David Davis,It is time the Government fully compensates the victims of the Equitable Life scandal I called for this earlier today in the @HouseofCommons,145725,,True,315,98,2019-01-31 14:28:48
273,1090669829118484480,David Davis,Lovely to catch up with fellow ex-Europe Minister @CarolineFlintMP Had a great chat about the week's Brexit developments You can catch us on @GaryGibbonBlog Where Next podcast,145725,,True,257,49,2019-01-30 17:55:25
274,1090627895469445121,David Davis,It is important that we now act to find a solution that is politically acceptable to the Irish Government The EU is likely to hold the line for a while It's time for Parliament too to hold its nerve.,145725,,True,799,140,2019-01-30 15:08:47
275,1090627894353821697,David Davis,The key point in last night's vote is the dramatic turnaround from a defeat by 230 votes to a win by 16 This shows support for a complete revision of the Backstop and a good free trade agreement.,145725,,True,1684,387,2019-01-30 15:08:47
276,1090528245081145344,David Davis,Historic night last night as @TulipSiddiq becomes the first MP to cast a proxy vote An important and long overdue reform which will improve our Parliament Congratulations Tulip.,145725,,True,483,69,2019-01-30 08:32:49
277,1089897857954578432,David Davis,My 1999 Bill would have given MPs treaty ratification oversight The Government put this into law in 2010 When the facts change..,145725,,True,505,156,2019-01-28 14:47:53
278,1089891485716234241,David Davis,Parliamentary conventions exist for a reason Running roughshod over them for short-term and partisan gain may open a procedural Pandora's box,145725,,True,1825,707,2019-01-28 14:22:34
279,1088860158330109952,David Davis,A Norway-style deal would not return control of our laws borders or money It doesn‚Äôt respect the result of the referendum here‚Äôs why #BrexitInBrief,145725,,True,3752,1717,2019-01-25 18:04:26
280,1088430652054274053,David Davis,#AntibioticResistance is one of the most important issues facing the World in the coming decades @MattHancock should be applauded for taking the initiative on this,145725,,True,263,85,2019-01-24 13:37:44
281,1087703225703321601,David Davis,Fantastic news that the Government has confirmed a pilot scheme for proxy voting in the Commons Well done @joswinson for the great work done on this issue.,145725,,True,150,27,2019-01-22 13:27:12
282,1087670457237753856,David Davis,I see @joswinson has been granted an Urgent Question on proxy voting I very much hope that both the Government and House authorities accept this necessary change.,145725,,True,319,74,2019-01-22 11:16:59
283,1085234867061907461,David Davis,A WTO deal is not the preferred outcome But we need not fear the never-ending scare stories We have the upsides of a floating pound global trade deals and entrepreneurial spirit #BrexitInBrief,145725,,True,2565,1086,2019-01-15 17:58:49
284,1085232713324548096,David Davis,The PM wrongly claims it is her deal no deal or no Brexit But the EU have been offering us a Canada++ deal from the very beginning We must reject the PM‚Äôs deal tonight and push for a deal that delivers the referendum result #BrexitInBrief,145725,,True,3610,1555,2019-01-15 17:50:16
285,1085185678780973056,David Davis,Great to share a platform with @DUPleader Arlene Foster and others arguing for ‚ÄúA Better Deal‚Äù The PM‚Äôs deal is not the only one on the table We should reject it and put this alternative to the EU immediately,145725,,True,926,334,2019-01-15 14:43:22
286,1085169445918724096,David Davis,"This is entirely consistent with what we have heard from inside Germany for some time German industry is very afraid of a World Trade Organisation exit The head of BDI called a WTO exit a ""massive crisis""",145725,,True,1913,996,2019-01-15 13:38:52
287,1084442288275800064,David Davis,We needn‚Äôt talk of second referendums Norway deals delays or revoking Article 50 The EU always makes agreements at the 11th hour so let‚Äôs kill this bill and set Britain free,145725,,True,6018,2241,2019-01-13 13:29:24
288,1083678500412895234,David Davis,‚ÄúThis agreement keeps Britain in chains. A damning indictment from an anonymous civil servant The PM‚Äôs Brexit deal will tie us to the EU for years to come Parliament cannot allow it to pass,145725,,True,2694,1460,2019-01-11 10:54:22
289,1083398277612167168,David Davis,Few people can match the expertise and patriotism of Richard Dearlove and Charles Guthrie People should pay serious attention to their considered letter on why the PM‚Äôs Withdrawal Agreement needs to be voted down next week,145725,,True,2661,1592,2019-01-10 16:20:52
290,1082979077525520384,David Davis,Very interesting comments from the President Chairman of the ports of Boulogne-Calais Jean-Marc Puissesseau This confirms what I said yesterday on @BBCr4today irrespective of a deal there will be no new checks or delays at Dover/Calais after Brexit We have nothing to fear,145725,,True,2865,1406,2019-01-09 12:35:07
291,1082597671234400256,David Davis,Brilliant piece by @GregHands well worth a read,145725,,True,709,311,2019-01-08 11:19:33
292,1082257552455417856,David Davis,My views on the subject in The Telegraph last month -,145725,,True,44,12,2019-01-07 12:48:02
293,1082257550979092480,David Davis,This is a very insightful report by @UKOnward on the important issue of student fees While I do not agree with everything it says it is certainly worth a read,145725,,True,42,12,2019-01-07 12:48:02
294,1080740292259663872,David Davis,The Government is right to have stepped up preparations for a no deal Brexit The more we prepare to leave the EU without a deal the more likely a good deal becomes,145725,,True,3091,914,2019-01-03 08:18:59
295,1076571117584896002,David Davis,Very sad to hear of Paddy's demise We had many different views but he was a very good man.,145725,,True,1673,199,2018-12-22 20:12:10
296,1075693473104306177,David Davis,The student loans system is broken Graduates are not getting value for money and vast amounts of debt will never be repaid We need reform that gives young people a choice real value for money and real opportunities,145725,,True,1329,402,2018-12-20 10:04:44
297,1074732758793101316,David Davis,Andrew Mitchell calls for an extension of Article 50 in @10DowningStreet statement Wrong call at this time.,145725,,True,1920,439,2018-12-17 18:27:11
298,1074243821351985152,David Davis,There exists a credible alternative to the present Brexit shambles We must take it seize the Brexit prize and give the people of Britain the future they deserve,145725,,True,3340,1216,2018-12-16 10:04:20
299,1073281723641810945,David Davis,Next year's Police Funding Settlement will see an additional ¬£1.9m provided to help @Humberbeat with the cost of increased pension contributions An extra ¬£2.4m will also be available to spend on local policing priorities An excellent outcome for residents across Humberside.,145725,,True,219,35,2018-12-13 18:21:18
300,1073261779831152641,David Davis,RT @bbcquestiontime Conservative MP @DavidDavisMP is on the #bbcqt panel,145725,,True,0,51,2018-12-13 17:02:03
301,1072900071962890246,David Davis,Now is the moment to seize control and deliver our own destiny Continually kicking the can down the road is not a valid strategy We must not shirk from the tough decisions,145725,,True,4252,1396,2018-12-12 17:04:45
302,1072885343853129728,David Davis,"It was an absolute pleasure to catch up with @DUPleader Arlene Foster this morning We shared a platform for the release of ""A Better Deal a plan for an improved Withdrawal Agreement It's vital that we push for a real alternative to the Government's proposal.",145725,,True,2830,915,2018-12-12 16:06:13
303,1072244723350495233,David Davis,You can read a full copy of my speech here,145725,,True,273,85,2018-12-10 21:40:38
304,1072244721836322818,David Davis,Tonight I gave the 5th Margaret Thatcher Lecture I spoke of the lessons we can learn from her today How would she tackle the issues of the day social mobility policing housing tuition fees and welfare @Conservatives must rediscover our ambition for meritocracy.,145725,,True,1554,457,2018-12-10 21:40:37
305,1072198399406063617,David Davis,I have urged the Prime Minister to go to Brussels and push for a time-limited Northern Ireland backstop As it stands the Withdrawal Agreement hands all the negotiating power to the EU It fails to take back control of our laws our borders or our money.,145725,,True,1913,619,2018-12-10 18:36:33
306,1071790839653912578,David Davis,We need a new strategy of hope vision and imagination Next Tuesday is make or break it‚Äôs time to defeat this wretched deal and get on with the future,145725,,True,3570,1412,2018-12-09 15:37:03
307,1071441934449819649,David Davis,The Conservative Party has a key role in this That role is not to attempt to bully MPs into support for a failed strategy Our role is to come together to find a joint approach that supports the decision of the referendum and promotes the national interest.,145725,,True,1116,321,2018-12-08 16:30:38
308,1071441933493506050,David Davis,To do this we need to preserve our freedom of action on trade on regulations on migration on fishing We must not subordinate ourselves to partisan foreign institutions Democracy demands no less.,145725,,True,1084,317,2018-12-08 16:30:38
309,1071441932478570496,David Davis,We will be judged in the future as to whether we flinched in the face of unfounded threats and panic or stood up for our national interest and took our proper place in the world.,145725,,True,1292,518,2018-12-08 16:30:37
310,1071441931480244224,David Davis,It is a common clich of political speeches that we stand at a turning point in history For once however it is true The decisions taken in the next few months will dictate our nation's future for a generation.,145725,,True,2402,829,2018-12-08 16:30:37
